Customer_ID,Monthly_Cloud_Spend,Compute_Usage_Hours,Storage_GB,Support_Tickets,Account_Age_Months,Contract_Type,Region,Services_Used,Downtime_Hours,Auto_Renew,Customer_Satisfaction,Churn
CUST_0001,427.54,337.9,435.3,2,35,Monthly,Middle East,6,2.47,Yes,5.0,Yes
CUST_0002,293.66,197.6,403.6,0,5,Monthly,Asia Pacific,7,0.57,Yes,1.0,No
CUST_0003,276.27,278.5,437.8,1,22,Two-Year,Asia Pacific,8,0.78,No,5.0,No
CUST_0004,276.28,77.0,458.3,3,57,Monthly,North America,7,0.81,Yes,4.0,No
CUST_0005,739.94,400.6,101.0,3,47,Annual,Asia Pacific,1,0.05,Yes,1.0,No
CUST_0006,495.17,384.7,209.1,4,54,Two-Year,Europe,8,0.83,Yes,1.0,No
CUST_0007,236.54,258.3,363.3,0,3,Monthly,Asia Pacific,6,3.25,Yes,4.0,No
CUST_0008,438.53,230.4,96.5,3,53,Monthly,Middle East,1,4.55,Yes,4.0,No
CUST_0009,369.8,199.0,395.6,1,31,Annual,Europe,5,1.46,Yes,4.0,No
CUST_0010,72.44,352.1,454.4,2,69,Two-Year,North America,4,1.22,Yes,5.0,No
CUST_0011,159.73,294.3,142.3,5,33,Two-Year,Middle East,2,0.06,Yes,4.0,No
CUST_0012,385.61,25.8,248.4,0,72,Annual,Europe,8,4.23,Yes,5.0,No
CUST_0013,701.7,165.9,837.7,1,50,Monthly,Middle East,2,0.03,No,3.0,No
CUST_0014,277.76,105.2,557.2,3,16,Annual,Europe,1,5.79,Yes,1.0,No
CUST_0015,224.74,93.7,537.5,3,39,Monthly,Middle East,7,1.34,Yes,1.0,No
CUST_0016,342.23,350.3,776.8,1,46,Monthly,Middle East,5,0.84,No,2.0,No
CUST_0017,216.14,196.8,212.2,0,47,Monthly,Europe,3,5.16,Yes,3.0,No
CUST_0018,266.18,256.2,142.7,3,44,Monthly,North America,3,0.05,Yes,4.0,No
CUST_0019,,209.9,714.4,3,9,Annual,North America,2,1.74,Yes,4.0,Yes
CUST_0020,154.26,94.5,370.2,0,50,Monthly,Middle East,4,1.59,Yes,3.0,No
CUST_0021,509.76,78.1,207.9,2,60,Monthly,Middle East,2,0.5,Yes,4.0,No
CUST_0022,135.43,159.9,100.3,0,15,Monthly,North America,1,1.12,No,2.0,No
CUST_0023,123.92,167.1,441.0,5,36,Two-Year,North America,4,2.11,No,5.0,No
CUST_0024,360.15,167.1,341.8,3,63,Annual,Asia Pacific,3,2.6,No,1.0,No
CUST_0025,487.62,169.7,302.8,1,69,Monthly,North America,7,0.0,No,3.0,No
CUST_0026,354.77,509.0,48.5,1,41,Monthly,Middle East,5,5.52,Yes,1.0,Yes
CUST_0027,297.87,330.8,953.7,2,24,Monthly,Europe,8,0.36,Yes,5.0,No
CUST_0028,264.55,227.9,121.3,5,49,Two-Year,North America,5,0.53,No,3.0,Yes
CUST_0029,237.96,194.2,323.5,2,18,Annual,Asia Pacific,1,0.61,No,5.0,No
CUST_0030,575.07,197.8,287.0,2,7,Annual,Asia Pacific,2,0.08,Yes,4.0,No
CUST_0031,387.8,289.1,567.6,1,4,Annual,Asia Pacific,1,0.26,No,4.0,Yes
CUST_0032,250.32,193.3,101.3,5,69,Monthly,Europe,8,8.59,Yes,4.0,No
CUST_0033,204.84,314.4,525.7,2,60,Annual,North America,5,0.76,Yes,5.0,No
CUST_0034,455.45,240.4,442.5,0,55,Annual,North America,8,0.25,Yes,5.0,No
CUST_0035,567.53,511.3,239.6,2,16,Monthly,North America,3,0.23,Yes,5.0,No
CUST_0036,539.38,187.3,514.1,2,29,Monthly,Europe,5,2.54,Yes,1.0,No
CUST_0037,,342.3,395.1,1,23,Annual,Europe,4,3.86,Yes,5.0,No
CUST_0038,263.15,110.8,1090.0,3,14,Two-Year,Middle East,7,0.59,Yes,4.0,No
CUST_0039,234.99,142.8,341.6,0,49,Monthly,Asia Pacific,8,0.04,Yes,2.0,No
CUST_0040,284.98,477.9,187.5,0,33,Two-Year,Asia Pacific,7,0.5,Yes,5.0,No
CUST_0041,507.09,307.9,529.0,2,25,Annual,North America,6,0.12,No,2.0,No
CUST_0042,,258.5,312.8,2,21,Monthly,Europe,5,0.22,Yes,4.0,No
CUST_0043,396.23,575.5,389.8,2,17,Monthly,Europe,5,1.13,Yes,5.0,No
CUST_0044,209.5,195.7,143.7,4,23,Monthly,North America,7,0.52,Yes,1.0,No
CUST_0045,313.03,341.9,573.1,3,57,Annual,North America,6,1.45,Yes,1.0,No
CUST_0046,734.96,354.3,278.2,2,58,Monthly,Middle East,4,0.58,No,2.0,Yes
CUST_0047,337.36,427.2,464.8,2,14,Monthly,Asia Pacific,2,5.64,Yes,1.0,Yes
CUST_0048,264.91,103.4,1252.8,1,20,Annual,Asia Pacific,8,4.73,No,1.0,Yes
CUST_0049,278.85,195.0,328.1,4,30,Annual,Asia Pacific,8,1.67,Yes,1.0,Yes
CUST_0050,395.2,238.3,622.3,4,19,Monthly,Middle East,5,0.88,Yes,4.0,No
CUST_0051,186.28,423.8,343.9,1,53,Monthly,North America,7,0.96,Yes,1.0,No
CUST_0052,231.4,253.3,242.0,2,56,Monthly,North America,1,1.06,Yes,3.0,Yes
CUST_0053,534.99,354.7,855.3,2,23,Annual,Asia Pacific,5,2.6,Yes,5.0,No
CUST_0054,388.84,98.0,,3,62,Annual,Asia Pacific,1,1.2,Yes,1.0,No
CUST_0055,339.4,171.9,722.5,1,33,Monthly,Middle East,4,3.89,Yes,1.0,Yes
CUST_0056,549.82,384.0,66.3,3,18,Annual,Europe,5,5.77,Yes,1.0,Yes
CUST_0057,201.2,184.0,677.5,2,33,Annual,Europe,8,0.82,No,3.0,No
CUST_0058,259.99,203.3,393.8,4,32,Annual,Asia Pacific,7,1.65,Yes,1.0,No
CUST_0059,381.61,420.5,187.9,3,61,Annual,Middle East,4,0.2,Yes,1.0,No
CUST_0060,373.93,125.0,291.8,1,54,Monthly,Asia Pacific,4,0.45,Yes,5.0,No
CUST_0061,115.06,141.6,601.6,1,17,Monthly,Europe,2,1.07,Yes,3.0,No
CUST_0062,244.45,92.0,1183.0,2,19,Annual,Asia Pacific,5,0.46,Yes,3.0,No
CUST_0063,,428.7,105.0,4,70,Annual,Europe,1,4.18,No,1.0,No
CUST_0064,405.89,327.8,197.0,2,34,Annual,Europe,1,0.34,No,3.0,Yes
CUST_0065,373.17,323.7,133.1,3,25,Monthly,Europe,5,1.22,Yes,2.0,No
CUST_0066,305.63,169.4,342.0,1,68,Two-Year,North America,6,1.86,Yes,,No
CUST_0067,72.04,87.9,688.7,2,11,Annual,North America,2,2.35,Yes,3.0,Yes
CUST_0068,314.83,73.3,118.0,4,16,Monthly,Asia Pacific,2,0.97,Yes,3.0,No
CUST_0069,331.95,385.4,386.8,4,61,Monthly,Europe,2,4.07,Yes,4.0,No
CUST_0070,1086.07,267.1,675.3,2,7,Annual,North America,1,1.68,Yes,4.0,Yes
CUST_0071,283.77,292.6,288.8,3,16,Annual,Asia Pacific,4,1.16,Yes,4.0,No
CUST_0072,382.8,232.8,445.1,4,16,Monthly,Asia Pacific,7,0.14,Yes,,No
CUST_0073,600.25,132.2,817.6,3,40,Two-Year,Asia Pacific,6,1.25,Yes,2.0,No
CUST_0074,491.12,173.5,169.5,1,12,Monthly,Asia Pacific,8,3.44,Yes,,No
CUST_0075,681.12,114.4,83.1,2,35,Monthly,Asia Pacific,2,1.91,Yes,1.0,No
CUST_0076,116.4,106.3,481.0,2,21,Two-Year,Middle East,1,3.57,Yes,2.0,No
CUST_0077,162.5,314.7,489.6,0,50,Two-Year,Europe,1,1.36,No,4.0,No
CUST_0078,221.36,77.4,274.6,3,43,Annual,Asia Pacific,8,0.25,Yes,5.0,No
CUST_0079,102.17,114.9,237.0,1,17,Two-Year,Middle East,4,0.03,No,2.0,No
CUST_0080,333.62,178.9,399.1,5,32,Monthly,Europe,8,0.72,Yes,4.0,No
CUST_0081,171.53,213.0,167.0,4,41,Two-Year,North America,5,2.39,Yes,2.0,No
CUST_0082,729.95,91.3,167.3,3,6,Monthly,Asia Pacific,5,3.12,Yes,2.0,Yes
CUST_0083,189.75,76.1,599.1,2,27,Monthly,Middle East,7,0.7,Yes,3.0,No
CUST_0084,260.95,251.7,157.9,0,20,Monthly,North America,8,1.37,No,1.0,Yes
CUST_0085,507.35,226.2,88.2,3,25,Monthly,Middle East,7,1.09,Yes,5.0,No
CUST_0086,134.33,382.2,236.6,1,66,Monthly,Europe,2,1.06,Yes,4.0,No
CUST_0087,97.05,214.8,279.4,1,9,Monthly,Europe,7,0.53,Yes,2.0,Yes
CUST_0088,357.56,264.5,525.7,1,53,Monthly,North America,2,0.29,No,5.0,No
CUST_0089,373.68,136.4,252.1,1,61,Monthly,Middle East,6,0.44,Yes,2.0,No
CUST_0090,498.96,139.6,901.3,2,38,Annual,Asia Pacific,7,0.11,No,1.0,Yes
CUST_0091,433.56,97.0,413.0,2,3,Monthly,Asia Pacific,4,0.44,No,5.0,No
CUST_0092,381.8,137.1,212.7,1,70,Monthly,North America,2,0.02,Yes,4.0,No
CUST_0093,,172.2,511.7,0,55,Annual,North America,4,1.97,No,2.0,No
CUST_0094,367.7,363.7,891.7,5,1,Two-Year,North America,1,0.76,No,1.0,Yes
CUST_0095,380.93,125.9,589.0,0,70,Annual,Middle East,2,7.23,Yes,5.0,No
CUST_0096,199.44,522.5,111.9,0,45,Monthly,Asia Pacific,1,0.43,Yes,2.0,No
CUST_0097,842.54,276.0,296.9,1,47,Annual,Asia Pacific,3,0.85,Yes,2.0,No
CUST_0098,422.12,248.5,460.1,1,26,Monthly,Asia Pacific,4,0.89,Yes,4.0,No
CUST_0099,164.48,206.3,573.9,3,14,Monthly,North America,3,0.02,Yes,1.0,No
CUST_0100,500.34,186.6,343.4,1,54,Monthly,Asia Pacific,2,3.66,Yes,3.0,No
CUST_0101,548.34,148.5,311.1,1,71,Annual,Europe,1,0.07,Yes,2.0,No
CUST_0102,407.9,89.1,,1,46,Monthly,North America,2,5.63,Yes,5.0,No
CUST_0103,274.28,128.3,594.4,3,31,Monthly,Asia Pacific,3,4.45,Yes,4.0,No
CUST_0104,193.86,428.2,512.7,2,59,Monthly,Middle East,8,1.53,No,4.0,No
CUST_0105,305.13,267.7,260.0,0,29,Two-Year,North America,8,1.57,No,2.0,No
CUST_0106,391.62,426.4,165.1,3,17,Annual,Europe,2,2.12,Yes,2.0,No
CUST_0107,322.55,146.4,518.4,1,14,Monthly,Europe,6,0.98,Yes,2.0,No
CUST_0108,697.7,112.6,634.9,1,36,Annual,Middle East,5,2.08,Yes,3.0,No
CUST_0109,458.93,205.3,388.5,0,58,Annual,Middle East,3,0.09,No,2.0,No
CUST_0110,179.71,131.0,595.4,4,24,Annual,North America,2,0.11,Yes,1.0,No
CUST_0111,152.68,227.3,604.8,1,63,Monthly,North America,1,1.22,Yes,5.0,No
CUST_0112,424.16,78.2,661.0,2,25,Two-Year,Europe,2,1.6,No,2.0,Yes
CUST_0113,278.18,56.1,110.2,3,59,Monthly,Middle East,8,4.38,No,3.0,Yes
CUST_0114,481.3,243.7,302.8,1,32,Annual,North America,1,0.22,No,5.0,No
CUST_0115,421.98,434.1,538.3,5,18,Monthly,Europe,5,3.46,No,4.0,Yes
CUST_0116,305.94,249.1,403.3,3,37,Monthly,Middle East,2,0.47,Yes,2.0,No
CUST_0117,181.09,266.4,606.0,3,26,Monthly,Europe,7,1.0,Yes,5.0,No
CUST_0118,105.48,209.8,512.5,4,9,Annual,Asia Pacific,8,0.76,Yes,4.0,Yes
CUST_0119,363.81,220.0,52.5,1,64,Monthly,Middle East,7,1.02,Yes,3.0,No
CUST_0120,132.7,86.4,758.9,2,72,Annual,North America,5,0.33,No,1.0,No
CUST_0121,176.17,133.7,276.4,2,20,Monthly,North America,3,1.4,Yes,2.0,No
CUST_0122,351.08,361.9,203.2,2,54,Annual,Asia Pacific,1,3.24,Yes,1.0,Yes
CUST_0123,331.54,107.1,743.6,5,30,Annual,Middle East,7,1.17,No,3.0,Yes
CUST_0124,144.22,170.1,577.4,3,53,Annual,Europe,6,1.35,Yes,5.0,No
CUST_0125,582.61,358.3,807.3,3,63,Annual,North America,3,3.78,No,5.0,No
CUST_0126,574.11,217.0,463.4,3,11,Annual,Asia Pacific,1,2.45,No,3.0,Yes
CUST_0127,431.91,222.6,300.1,1,31,Monthly,Asia Pacific,8,1.35,Yes,3.0,No
CUST_0128,431.61,170.8,429.2,3,49,Annual,Middle East,8,0.6,Yes,2.0,No
CUST_0129,,285.8,175.9,5,19,Monthly,Middle East,8,4.32,Yes,4.0,No
CUST_0130,545.71,320.1,130.2,1,12,Annual,North America,5,1.72,Yes,1.0,No
CUST_0131,465.37,129.7,245.9,3,15,Annual,Asia Pacific,7,0.5,Yes,1.0,Yes
CUST_0132,191.19,91.4,953.8,0,31,Monthly,Europe,8,0.63,Yes,5.0,No
CUST_0133,275.8,63.5,264.6,2,43,Monthly,Asia Pacific,4,3.25,No,5.0,No
CUST_0134,1021.64,260.0,,0,37,Monthly,Europe,8,0.09,Yes,2.0,No
CUST_0135,75.84,245.4,350.1,2,29,Annual,Europe,2,9.68,No,3.0,Yes
CUST_0136,236.14,594.6,262.0,1,26,Two-Year,North America,5,0.28,Yes,1.0,No
CUST_0137,584.34,210.4,767.3,3,2,Annual,Asia Pacific,1,3.18,Yes,2.0,Yes
CUST_0138,199.3,191.4,913.4,2,15,Annual,Europe,1,1.0,No,5.0,No
CUST_0139,472.5,231.2,290.4,5,4,Two-Year,Middle East,1,1.36,Yes,5.0,No
CUST_0140,329.01,237.5,463.1,3,50,Monthly,Europe,1,4.25,Yes,1.0,Yes
CUST_0141,208.54,183.8,488.4,1,38,Monthly,Middle East,2,1.07,Yes,5.0,No
CUST_0142,64.6,132.1,377.3,1,23,Annual,Middle East,3,1.54,No,5.0,No
CUST_0143,357.95,204.6,332.1,3,59,Annual,Asia Pacific,6,0.1,Yes,4.0,No
CUST_0144,188.47,200.7,192.8,0,28,Two-Year,Middle East,4,0.0,Yes,3.0,No
CUST_0145,298.04,199.0,76.9,0,66,Monthly,Europe,2,0.56,Yes,5.0,No
CUST_0146,429.51,300.6,191.9,1,8,Monthly,Middle East,1,2.28,No,4.0,No
CUST_0147,521.4,202.8,368.3,1,29,Monthly,Asia Pacific,2,0.26,No,2.0,No
CUST_0148,235.66,92.7,118.2,2,11,Monthly,North America,5,0.24,Yes,5.0,No
CUST_0149,208.29,144.0,447.5,4,18,Monthly,Europe,6,1.06,No,2.0,No
CUST_0150,131.06,182.6,408.7,2,55,Annual,Europe,1,2.09,Yes,5.0,No
CUST_0151,535.67,207.7,262.3,6,50,Monthly,Asia Pacific,4,2.49,Yes,1.0,Yes
CUST_0152,942.01,262.8,322.4,1,14,Annual,Asia Pacific,1,0.39,Yes,4.0,No
CUST_0153,567.96,208.5,137.1,2,9,Monthly,Asia Pacific,6,0.17,Yes,4.0,Yes
CUST_0154,638.0,57.0,653.7,1,11,Annual,Asia Pacific,4,5.64,Yes,1.0,No
CUST_0155,200.39,99.2,646.9,3,63,Monthly,Europe,6,0.6,Yes,3.0,No
CUST_0156,415.09,271.7,158.0,3,67,Monthly,North America,4,3.84,Yes,4.0,No
CUST_0157,497.06,180.0,161.8,4,53,Monthly,Middle East,3,3.98,No,2.0,No
CUST_0158,12.4,217.7,193.9,5,39,Two-Year,Middle East,7,2.96,Yes,4.0,No
CUST_0159,158.31,168.2,555.1,3,56,Annual,North America,3,0.37,Yes,3.0,No
CUST_0160,758.32,143.7,487.4,2,28,Monthly,North America,2,3.45,No,2.0,Yes
CUST_0161,113.6,171.5,738.5,3,39,Monthly,North America,2,2.93,Yes,2.0,Yes
CUST_0162,693.67,219.1,789.2,1,25,Two-Year,Asia Pacific,8,1.82,Yes,1.0,No
CUST_0163,113.04,202.0,108.7,6,21,Monthly,Europe,4,0.82,No,5.0,No
CUST_0164,163.63,319.1,542.7,3,10,Monthly,Europe,8,0.61,Yes,1.0,Yes
CUST_0165,419.36,82.2,770.2,1,43,Annual,Europe,8,0.26,Yes,5.0,No
CUST_0166,333.87,89.2,308.0,1,15,Two-Year,Asia Pacific,1,1.43,Yes,1.0,No
CUST_0167,250.28,178.9,383.8,6,48,Monthly,Europe,7,1.76,No,5.0,No
CUST_0168,742.27,264.2,345.6,4,21,Monthly,Asia Pacific,5,0.89,Yes,4.0,Yes
CUST_0169,133.56,292.6,356.2,2,60,Two-Year,Europe,5,1.29,No,2.0,No
CUST_0170,291.17,146.8,652.4,3,50,Monthly,North America,1,0.9,Yes,5.0,No
CUST_0171,449.69,33.4,1061.5,6,23,Monthly,Middle East,1,2.05,Yes,4.0,No
CUST_0172,378.28,149.4,882.5,2,13,Annual,Middle East,3,4.63,No,3.0,Yes
CUST_0173,212.83,245.8,271.3,3,69,Two-Year,Asia Pacific,5,0.36,Yes,1.0,No
CUST_0174,217.85,200.1,464.1,1,4,Monthly,Europe,4,0.96,Yes,3.0,No
CUST_0175,517.03,269.0,217.0,4,72,Two-Year,Middle East,6,0.3,Yes,4.0,No
CUST_0176,530.64,355.8,234.2,2,9,Annual,North America,8,1.96,No,3.0,No
CUST_0177,384.07,185.4,372.5,3,35,Monthly,North America,2,2.61,Yes,3.0,Yes
CUST_0178,183.49,158.5,229.4,3,21,Two-Year,North America,8,5.37,Yes,4.0,No
CUST_0179,222.3,122.1,255.6,5,58,Monthly,Asia Pacific,8,0.65,Yes,2.0,Yes
CUST_0180,315.92,88.9,456.9,1,18,Monthly,Asia Pacific,6,6.0,No,5.0,No
CUST_0181,343.55,75.0,537.9,1,72,Annual,Europe,3,0.13,Yes,1.0,No
CUST_0182,439.63,139.1,528.9,4,43,Monthly,North America,5,1.85,Yes,5.0,No
CUST_0183,281.99,332.2,532.2,3,6,Monthly,Europe,8,0.12,Yes,1.0,Yes
CUST_0184,510.53,281.8,145.4,1,67,Monthly,Europe,7,4.48,Yes,5.0,No
CUST_0185,507.35,154.5,220.7,3,12,Monthly,North America,1,1.51,Yes,3.0,No
CUST_0186,650.05,524.9,400.1,2,12,Annual,Europe,7,2.21,Yes,2.0,No
CUST_0187,324.13,144.4,749.0,3,66,Annual,Middle East,7,3.56,Yes,3.0,No
CUST_0188,387.82,372.2,1411.4,2,2,Two-Year,Asia Pacific,5,0.33,No,2.0,No
CUST_0189,,414.9,476.2,3,15,Monthly,Europe,4,0.08,No,4.0,Yes
CUST_0190,184.95,254.1,614.1,3,23,Monthly,North America,3,4.22,Yes,1.0,Yes
CUST_0191,930.08,138.4,132.0,2,29,Monthly,Asia Pacific,8,0.76,No,1.0,Yes
CUST_0192,604.82,165.6,603.9,3,7,Monthly,Asia Pacific,8,0.28,Yes,4.0,No
CUST_0193,501.55,221.7,1192.0,4,28,Monthly,Europe,8,1.26,No,5.0,Yes
CUST_0194,317.61,90.5,220.1,1,14,Annual,Middle East,1,1.82,Yes,4.0,No
CUST_0195,174.41,115.7,261.8,1,44,Two-Year,Europe,6,0.06,Yes,4.0,No
CUST_0196,551.64,110.3,665.0,3,30,Two-Year,Middle East,4,0.64,No,2.0,No
CUST_0197,292.04,263.6,396.8,1,32,Monthly,Asia Pacific,6,0.07,No,4.0,No
CUST_0198,407.93,354.1,70.4,3,70,Two-Year,Europe,2,1.09,Yes,1.0,No
CUST_0199,221.76,287.3,273.4,2,6,Monthly,North America,3,4.51,Yes,3.0,No
CUST_0200,370.44,325.8,911.2,2,27,Monthly,Europe,4,8.11,Yes,2.0,Yes
CUST_0201,230.58,132.0,320.7,0,24,Two-Year,Middle East,4,2.03,Yes,2.0,No
CUST_0202,236.29,169.6,320.5,2,34,Annual,Middle East,8,0.35,Yes,5.0,No
CUST_0203,367.66,176.4,639.1,1,40,Monthly,Europe,6,4.73,Yes,3.0,Yes
CUST_0204,111.85,253.6,487.2,2,47,Monthly,Middle East,1,1.45,No,2.0,Yes
CUST_0205,115.84,141.2,308.6,5,24,Monthly,Asia Pacific,2,0.33,Yes,4.0,No
CUST_0206,198.85,316.0,249.2,6,65,Annual,Europe,8,5.1,Yes,2.0,Yes
CUST_0207,279.97,409.3,1809.4,3,18,Monthly,Middle East,8,2.83,Yes,2.0,Yes
CUST_0208,519.21,260.0,821.5,2,44,Two-Year,Europe,8,2.63,Yes,2.0,No
CUST_0209,,165.6,532.1,1,57,Monthly,Europe,6,2.47,Yes,5.0,No
CUST_0210,316.39,125.6,553.7,3,28,Monthly,North America,4,0.45,Yes,2.0,No
CUST_0211,266.7,110.4,357.7,1,71,Monthly,Europe,3,0.47,No,2.0,No
CUST_0212,387.5,57.4,483.5,1,23,Annual,North America,4,2.33,No,5.0,No
CUST_0213,183.73,179.3,332.2,1,34,Monthly,Middle East,5,0.5,Yes,3.0,No
CUST_0214,299.16,173.9,205.1,2,11,Annual,North America,3,1.15,Yes,1.0,No
CUST_0215,405.35,306.5,495.7,4,35,Two-Year,North America,8,3.05,Yes,5.0,No
CUST_0216,365.95,146.3,312.7,1,42,Two-Year,North America,3,3.06,No,5.0,No
CUST_0217,322.47,184.6,512.2,1,28,Annual,Asia Pacific,4,1.21,No,2.0,Yes
CUST_0218,324.83,232.9,573.9,1,24,Two-Year,North America,1,3.14,Yes,2.0,No
CUST_0219,427.84,257.9,529.4,1,8,Annual,Europe,8,3.65,Yes,1.0,No
CUST_0220,954.55,289.4,192.4,1,53,Annual,North America,3,2.13,No,2.0,No
CUST_0221,191.95,221.3,289.5,0,72,Monthly,Europe,5,0.52,Yes,4.0,No
CUST_0222,969.5,93.6,316.9,3,4,Monthly,North America,6,0.64,Yes,2.0,Yes
CUST_0223,186.3,246.8,709.9,0,5,Monthly,Asia Pacific,1,0.76,No,2.0,No
CUST_0224,58.16,140.6,687.5,3,49,Monthly,Middle East,1,0.25,No,4.0,No
CUST_0225,227.63,362.2,230.6,1,30,Monthly,North America,1,0.64,Yes,1.0,No
CUST_0226,391.75,203.9,142.6,6,72,Two-Year,North America,3,0.47,Yes,4.0,No
CUST_0227,846.43,228.1,1451.0,1,63,Monthly,Asia Pacific,1,1.22,Yes,5.0,No
CUST_0228,174.26,618.5,516.3,2,47,Monthly,North America,4,4.78,Yes,4.0,No
CUST_0229,426.4,291.9,127.0,1,26,Annual,Europe,1,0.22,Yes,3.0,No
CUST_0230,124.75,244.5,258.7,1,57,Monthly,North America,5,2.55,Yes,5.0,No
CUST_0231,829.78,187.4,728.0,4,37,Monthly,North America,8,2.32,No,2.0,Yes
CUST_0232,611.23,98.3,1246.3,1,7,Monthly,Middle East,8,0.2,No,5.0,No
CUST_0233,236.58,180.4,1125.4,2,40,Monthly,Middle East,2,5.12,Yes,1.0,No
CUST_0234,665.38,124.7,502.6,3,39,Monthly,North America,5,1.68,Yes,1.0,No
CUST_0235,298.08,433.6,390.9,0,62,Annual,Asia Pacific,3,0.9,Yes,4.0,No
CUST_0236,629.01,246.2,178.3,1,53,Annual,Middle East,1,2.83,Yes,5.0,No
CUST_0237,321.03,355.8,413.1,2,4,Monthly,North America,1,0.6,Yes,2.0,No
CUST_0238,329.29,144.0,197.6,0,25,Monthly,Middle East,4,2.37,Yes,1.0,No
CUST_0239,239.66,129.8,291.6,3,7,Monthly,North America,6,0.08,No,2.0,No
CUST_0240,458.23,277.9,664.5,2,28,Annual,Middle East,1,3.66,Yes,3.0,No
CUST_0241,344.16,121.9,331.1,5,69,Monthly,Middle East,7,1.19,No,1.0,Yes
CUST_0242,431.77,159.0,315.9,1,67,Monthly,Europe,5,2.03,No,4.0,No
CUST_0243,103.69,443.7,376.8,2,20,Annual,North America,3,0.5,Yes,3.0,No
CUST_0244,641.35,162.4,1578.0,3,11,Monthly,North America,8,2.26,Yes,5.0,No
CUST_0245,730.36,86.1,163.3,1,67,Monthly,North America,2,2.96,No,2.0,Yes
CUST_0246,343.21,67.3,469.2,3,7,Monthly,North America,1,1.28,No,1.0,Yes
CUST_0247,917.51,79.9,1066.1,2,23,Two-Year,Middle East,2,1.92,Yes,3.0,No
CUST_0248,801.94,366.0,376.1,2,61,Two-Year,Europe,1,1.22,Yes,3.0,No
CUST_0249,463.86,149.0,812.3,0,71,Annual,Europe,3,4.49,Yes,1.0,No
CUST_0250,670.1,608.9,134.5,3,34,Monthly,Asia Pacific,6,1.38,No,5.0,Yes
CUST_0251,575.45,411.6,338.7,2,19,Annual,North America,5,3.69,Yes,,No
CUST_0252,84.28,495.3,214.1,2,58,Two-Year,Asia Pacific,8,3.23,Yes,4.0,No
CUST_0253,270.06,329.9,373.4,0,9,Two-Year,Middle East,3,1.06,No,5.0,No
CUST_0254,482.21,270.7,378.8,1,48,Monthly,Asia Pacific,2,0.52,Yes,4.0,No
CUST_0255,756.99,127.2,405.6,0,41,Annual,North America,1,1.04,Yes,3.0,No
CUST_0256,118.59,201.3,660.8,1,48,Monthly,Europe,2,3.5,Yes,1.0,Yes
CUST_0257,88.82,284.3,46.2,1,45,Monthly,Europe,5,0.52,No,5.0,No
CUST_0258,309.24,319.9,250.3,2,25,Annual,North America,7,1.49,Yes,4.0,No
CUST_0259,61.79,103.7,448.7,3,25,Monthly,Middle East,8,3.28,Yes,3.0,No
CUST_0260,302.85,182.0,74.2,3,19,Two-Year,North America,3,0.87,Yes,5.0,No
CUST_0261,397.35,193.1,578.3,2,39,Monthly,Middle East,2,2.06,Yes,2.0,No
CUST_0262,168.9,189.1,246.9,2,27,Annual,Europe,2,0.56,Yes,3.0,No
CUST_0263,307.87,111.9,343.1,4,63,Two-Year,Middle East,5,0.23,Yes,5.0,No
CUST_0264,546.03,466.7,679.2,2,68,Two-Year,North America,7,3.16,Yes,3.0,No
CUST_0265,226.93,178.7,834.7,3,19,Monthly,North America,1,0.21,No,1.0,No
CUST_0266,188.42,116.6,589.3,3,28,Monthly,North America,7,0.63,No,1.0,No
CUST_0267,299.48,472.4,159.6,4,33,Annual,Middle East,2,3.86,Yes,1.0,Yes
CUST_0268,156.98,411.8,571.1,3,10,Monthly,Middle East,5,0.85,Yes,2.0,Yes
CUST_0269,880.05,216.9,595.2,6,30,Two-Year,Middle East,1,7.23,Yes,1.0,Yes
CUST_0270,326.96,66.9,524.1,3,22,Two-Year,Europe,7,7.8,No,2.0,Yes
CUST_0271,201.53,156.5,916.9,2,3,Monthly,Asia Pacific,8,0.62,Yes,1.0,No
CUST_0272,363.79,76.0,412.6,2,48,Monthly,Asia Pacific,7,0.08,Yes,3.0,No
CUST_0273,298.49,260.7,895.8,2,2,Monthly,North America,8,2.44,Yes,5.0,No
CUST_0274,278.62,150.6,892.5,4,54,Two-Year,Europe,7,1.2,Yes,5.0,No
CUST_0275,226.89,198.8,,4,6,Monthly,Middle East,6,0.21,Yes,1.0,No
CUST_0276,219.91,451.8,474.0,1,40,Monthly,North America,1,2.46,Yes,5.0,No
CUST_0277,105.45,144.7,526.0,1,2,Monthly,Europe,7,0.06,Yes,1.0,Yes
CUST_0278,669.54,255.2,1036.0,0,2,Annual,North America,6,4.08,No,1.0,Yes
CUST_0279,446.8,293.6,748.4,4,55,Monthly,Europe,3,0.3,Yes,4.0,No
CUST_0280,384.95,360.4,175.4,2,72,Monthly,Europe,5,0.27,Yes,4.0,Yes
CUST_0281,295.58,191.3,505.2,4,60,Two-Year,Asia Pacific,7,0.39,Yes,4.0,No
CUST_0282,166.9,181.0,205.8,1,6,Two-Year,North America,8,6.45,Yes,2.0,No
CUST_0283,193.49,178.7,241.5,1,19,Annual,Middle East,1,2.36,Yes,4.0,No
CUST_0284,114.38,242.9,299.8,3,27,Monthly,Asia Pacific,8,3.23,Yes,1.0,Yes
CUST_0285,209.28,403.3,123.6,4,1,Monthly,Asia Pacific,6,1.01,Yes,3.0,No
CUST_0286,151.41,174.4,195.5,3,33,Annual,Middle East,6,0.82,Yes,4.0,No
CUST_0287,777.54,38.9,946.9,2,40,Monthly,Europe,3,0.53,Yes,4.0,No
CUST_0288,525.72,309.8,240.4,2,32,Two-Year,Middle East,8,1.31,Yes,3.0,Yes
CUST_0289,335.4,208.8,663.0,0,69,Annual,North America,4,1.61,No,1.0,No
CUST_0290,179.16,261.0,437.3,3,17,Monthly,Middle East,5,2.0,Yes,2.0,Yes
CUST_0291,156.74,77.8,555.7,5,8,Two-Year,Europe,8,0.59,Yes,4.0,Yes
CUST_0292,284.13,150.9,570.6,0,57,Two-Year,Middle East,4,5.94,Yes,3.0,No
CUST_0293,537.97,297.4,188.8,1,42,Monthly,Europe,1,0.37,Yes,1.0,No
CUST_0294,116.73,96.3,660.7,2,9,Annual,Europe,5,6.74,Yes,5.0,No
CUST_0295,443.48,254.9,146.1,1,35,Monthly,North America,8,0.03,Yes,2.0,No
CUST_0296,208.68,197.9,233.0,6,71,Monthly,Middle East,3,1.31,No,3.0,Yes
CUST_0297,233.72,133.8,565.4,2,53,Monthly,Middle East,1,0.81,Yes,3.0,No
CUST_0298,329.6,127.8,179.2,3,54,Annual,North America,5,1.19,Yes,3.0,No
CUST_0299,183.23,112.5,66.9,1,25,Two-Year,Europe,8,1.69,No,4.0,No
CUST_0300,275.42,208.2,490.2,2,67,Annual,Middle East,8,1.14,No,5.0,No
CUST_0301,173.07,220.8,105.0,3,62,Monthly,North America,5,1.07,Yes,2.0,No
CUST_0302,219.76,165.4,599.0,4,55,Annual,Europe,4,2.64,Yes,1.0,No
CUST_0303,492.02,108.5,315.3,2,46,Monthly,North America,1,2.32,Yes,1.0,No
CUST_0304,339.86,251.2,485.7,3,24,Two-Year,Middle East,3,3.58,Yes,5.0,No
CUST_0305,490.98,312.6,479.9,3,46,Monthly,North America,3,0.58,Yes,3.0,No
CUST_0306,206.92,274.2,626.8,3,22,Monthly,Asia Pacific,1,1.88,Yes,3.0,No
CUST_0307,445.34,505.2,575.8,2,11,Monthly,Europe,1,1.76,No,3.0,No
CUST_0308,95.29,183.0,177.9,0,48,Annual,Asia Pacific,6,0.92,Yes,3.0,No
CUST_0309,329.52,383.9,328.8,2,8,Monthly,Asia Pacific,2,1.33,Yes,3.0,Yes
CUST_0310,462.16,141.0,485.3,2,39,Annual,Europe,8,0.75,Yes,5.0,No
CUST_0311,92.35,128.7,905.5,1,35,Monthly,Europe,4,0.31,No,,No
CUST_0312,208.51,214.9,579.1,0,49,Monthly,North America,1,0.48,Yes,2.0,No
CUST_0313,329.38,425.7,858.7,0,46,Monthly,Europe,1,0.22,Yes,3.0,No
CUST_0314,560.47,172.5,501.7,1,38,Two-Year,Asia Pacific,2,2.3,Yes,4.0,No
CUST_0315,219.74,77.8,756.4,0,8,Two-Year,Asia Pacific,2,2.16,Yes,1.0,No
CUST_0316,435.45,309.7,459.9,2,54,Monthly,Middle East,5,6.02,Yes,5.0,No
CUST_0317,693.77,193.6,737.6,1,37,Monthly,Europe,7,2.62,Yes,4.0,No
CUST_0318,446.93,234.8,,3,40,Monthly,Asia Pacific,3,0.11,Yes,3.0,No
CUST_0319,281.84,132.4,968.2,1,34,Annual,Middle East,4,4.31,Yes,3.0,No
CUST_0320,398.38,213.8,538.0,1,17,Monthly,Middle East,5,3.97,Yes,3.0,No
CUST_0321,215.64,85.0,124.3,6,33,Two-Year,North America,1,1.17,Yes,4.0,No
CUST_0322,337.27,470.3,495.7,3,47,Two-Year,Asia Pacific,8,1.76,Yes,3.0,No
CUST_0323,290.45,338.1,580.3,1,52,Monthly,North America,2,7.47,Yes,4.0,No
CUST_0324,390.82,208.9,674.7,1,9,Monthly,Asia Pacific,6,1.52,Yes,3.0,No
CUST_0325,245.88,305.5,1170.7,4,33,Two-Year,North America,3,4.71,Yes,1.0,No
CUST_0326,403.69,141.2,270.8,3,60,Annual,North America,5,0.17,No,1.0,Yes
CUST_0327,244.39,330.7,1175.3,0,21,Monthly,Europe,6,0.42,Yes,2.0,No
CUST_0328,522.86,168.4,391.0,0,58,Monthly,North America,3,1.16,Yes,3.0,No
CUST_0329,,162.1,224.5,3,69,Monthly,Europe,7,1.76,Yes,3.0,Yes
CUST_0330,63.73,116.9,275.0,3,10,Monthly,Middle East,7,3.39,No,4.0,Yes
CUST_0331,160.32,249.6,559.0,4,6,Monthly,Asia Pacific,6,8.89,No,4.0,Yes
CUST_0332,323.62,204.2,200.3,2,13,Monthly,Middle East,2,0.98,Yes,3.0,Yes
CUST_0333,773.75,390.0,307.8,1,65,Annual,Asia Pacific,5,0.1,Yes,2.0,No
CUST_0334,511.6,109.2,487.9,4,20,Monthly,Middle East,5,3.23,Yes,3.0,No
CUST_0335,52.85,250.2,963.7,2,57,Monthly,Asia Pacific,7,1.85,Yes,4.0,No
CUST_0336,108.91,354.3,662.8,1,46,Monthly,North America,3,0.44,No,3.0,No
CUST_0337,600.53,615.8,401.6,2,8,Annual,Asia Pacific,6,1.37,Yes,4.0,No
CUST_0338,460.71,222.8,557.4,2,10,Two-Year,Asia Pacific,2,2.71,Yes,3.0,No
CUST_0339,1003.07,166.7,457.5,2,67,Monthly,Middle East,1,2.94,No,5.0,No
CUST_0340,238.16,219.9,157.6,1,11,Monthly,Middle East,5,1.38,No,,No
CUST_0341,180.68,374.7,1064.5,0,12,Two-Year,Middle East,8,0.73,Yes,2.0,No
CUST_0342,334.23,374.6,972.9,3,10,Monthly,Europe,1,7.28,Yes,5.0,Yes
CUST_0343,235.23,189.5,370.7,4,25,Monthly,Europe,2,2.18,Yes,3.0,No
CUST_0344,569.41,371.4,282.2,6,49,Monthly,Asia Pacific,7,1.05,No,4.0,No
CUST_0345,230.1,199.3,160.6,4,49,Monthly,Asia Pacific,8,0.66,No,5.0,No
CUST_0346,269.98,303.8,579.3,2,11,Monthly,North America,5,2.63,Yes,2.0,No
CUST_0347,163.97,264.9,581.7,1,62,Two-Year,North America,5,0.55,Yes,4.0,No
CUST_0348,492.44,163.2,213.4,5,36,Annual,Asia Pacific,6,0.38,No,5.0,No
CUST_0349,171.17,119.3,461.0,3,39,Monthly,Europe,8,1.51,Yes,5.0,No
CUST_0350,408.05,358.9,650.2,2,53,Two-Year,Asia Pacific,1,0.68,Yes,5.0,No
CUST_0351,846.66,408.1,268.5,3,56,Monthly,North America,7,1.98,No,1.0,No
CUST_0352,82.68,247.2,340.2,2,1,Monthly,Europe,6,0.25,Yes,3.0,Yes
CUST_0353,711.8,199.1,338.0,2,56,Annual,Europe,4,2.13,Yes,4.0,No
CUST_0354,378.06,101.2,223.8,2,4,Annual,North America,1,0.67,No,4.0,No
CUST_0355,146.24,354.4,345.0,2,30,Monthly,Asia Pacific,1,0.0,No,4.0,No
CUST_0356,,233.0,106.8,4,12,Monthly,Middle East,4,0.27,Yes,5.0,No
CUST_0357,484.33,175.6,326.0,1,35,Annual,Asia Pacific,2,5.42,Yes,3.0,No
CUST_0358,188.75,308.1,329.5,2,52,Annual,Asia Pacific,8,4.04,Yes,2.0,No
CUST_0359,421.57,90.5,373.9,3,31,Annual,North America,8,0.53,Yes,,No
CUST_0360,744.74,113.6,531.3,6,68,Monthly,Europe,2,3.01,Yes,3.0,No
CUST_0361,229.91,138.4,150.2,3,52,Monthly,North America,5,1.88,No,3.0,No
CUST_0362,162.61,260.8,173.9,2,7,Monthly,Asia Pacific,3,7.07,Yes,1.0,Yes
CUST_0363,295.98,221.2,219.5,3,22,Monthly,Middle East,6,0.94,Yes,4.0,No
CUST_0364,331.04,276.2,137.5,2,56,Two-Year,Middle East,3,2.29,Yes,5.0,No
CUST_0365,585.87,342.6,569.9,3,58,Monthly,Middle East,5,0.13,No,3.0,No
CUST_0366,290.02,281.1,260.2,2,64,Monthly,North America,8,1.01,Yes,3.0,No
CUST_0367,243.43,475.2,381.7,1,12,Annual,Europe,3,6.64,Yes,2.0,No
CUST_0368,159.82,342.2,205.6,2,7,Monthly,North America,1,1.55,Yes,,No
CUST_0369,92.92,189.3,302.3,1,55,Monthly,Middle East,1,0.68,Yes,3.0,No
CUST_0370,127.94,150.4,475.3,4,62,Annual,Asia Pacific,4,0.26,Yes,3.0,No
CUST_0371,127.39,192.3,490.2,4,55,Two-Year,Europe,4,2.43,Yes,5.0,No
CUST_0372,271.78,286.0,179.9,0,36,Annual,North America,5,2.07,Yes,5.0,No
CUST_0373,106.58,159.2,369.0,2,24,Monthly,North America,5,0.94,Yes,2.0,No
CUST_0374,309.48,289.9,208.3,0,44,Annual,Europe,7,6.03,Yes,2.0,No
CUST_0375,836.27,273.7,359.9,0,17,Annual,Europe,5,0.04,Yes,2.0,Yes
CUST_0376,595.42,118.3,244.7,1,2,Monthly,Asia Pacific,1,0.72,Yes,5.0,No
CUST_0377,270.15,339.0,1104.9,3,13,Monthly,Europe,3,5.08,Yes,5.0,Yes
CUST_0378,1135.54,242.9,647.9,1,31,Two-Year,Asia Pacific,6,0.77,Yes,1.0,No
CUST_0379,331.75,463.8,503.9,4,28,Monthly,Middle East,7,0.58,Yes,4.0,No
CUST_0380,360.41,199.6,320.7,3,60,Annual,Middle East,7,1.53,Yes,4.0,No
CUST_0381,292.54,171.4,659.5,5,27,Monthly,North America,8,3.47,Yes,1.0,No
CUST_0382,313.62,109.8,376.3,2,15,Monthly,Middle East,7,0.22,Yes,4.0,No
CUST_0383,224.89,108.8,1038.2,1,33,Monthly,Middle East,5,5.73,Yes,5.0,No
CUST_0384,272.59,319.2,700.3,2,20,Annual,Asia Pacific,5,3.17,No,4.0,Yes
CUST_0385,714.46,440.8,300.7,1,42,Monthly,North America,1,0.4,No,5.0,No
CUST_0386,,190.9,967.9,1,12,Annual,Europe,6,2.49,Yes,1.0,No
CUST_0387,61.4,184.4,321.8,2,23,Annual,North America,1,0.97,Yes,2.0,No
CUST_0388,115.84,209.1,1143.3,0,72,Annual,Middle East,6,1.03,Yes,1.0,No
CUST_0389,190.5,350.5,998.9,3,14,Two-Year,Europe,1,3.06,Yes,4.0,No
CUST_0390,540.6,118.9,473.7,2,25,Annual,North America,3,6.58,Yes,,No
CUST_0391,639.44,227.8,110.4,2,31,Monthly,North America,8,0.27,Yes,4.0,No
CUST_0392,483.27,322.8,450.3,2,54,Two-Year,North America,5,1.09,Yes,4.0,No
CUST_0393,145.83,259.2,165.5,0,5,Annual,North America,2,1.31,No,2.0,No
CUST_0394,227.83,29.9,250.1,2,13,Monthly,Asia Pacific,2,0.94,Yes,4.0,No
CUST_0395,425.8,281.8,263.9,4,28,Monthly,North America,8,0.9,No,2.0,No
CUST_0396,275.18,260.4,164.4,1,43,Annual,Middle East,5,0.11,No,5.0,No
CUST_0397,252.03,383.7,451.4,4,47,Monthly,Middle East,7,2.31,Yes,5.0,No
CUST_0398,254.35,423.6,229.0,5,71,Annual,Asia Pacific,5,1.15,Yes,2.0,No
CUST_0399,605.18,374.3,,2,38,Monthly,Europe,5,0.43,Yes,1.0,Yes
CUST_0400,450.86,209.7,265.5,3,67,Monthly,Europe,8,3.39,Yes,5.0,No
CUST_0401,263.09,75.6,532.8,4,62,Annual,Middle East,5,3.24,Yes,1.0,No
CUST_0402,388.26,527.6,508.6,2,39,Monthly,Middle East,7,1.33,Yes,5.0,No
CUST_0403,132.11,183.7,314.0,0,37,Monthly,Asia Pacific,6,0.71,Yes,5.0,No
CUST_0404,228.11,206.3,549.6,4,8,Annual,Europe,8,2.03,No,3.0,No
CUST_0405,572.72,438.0,814.7,2,52,Monthly,Europe,3,0.68,Yes,4.0,Yes
CUST_0406,101.62,133.1,57.2,4,33,Annual,North America,2,0.54,No,4.0,No
CUST_0407,454.05,92.1,254.7,3,42,Annual,North America,8,2.62,Yes,1.0,No
CUST_0408,60.84,159.7,190.8,3,27,Annual,North America,4,0.08,No,4.0,No
CUST_0409,780.84,137.2,238.5,4,8,Monthly,Asia Pacific,2,0.2,Yes,1.0,Yes
CUST_0410,224.66,86.9,46.8,3,23,Monthly,Middle East,2,0.01,Yes,5.0,No
CUST_0411,404.76,193.0,54.8,0,64,Annual,Asia Pacific,7,0.33,No,3.0,No
CUST_0412,342.91,210.5,21.0,2,20,Two-Year,Europe,1,0.14,Yes,3.0,No
CUST_0413,350.37,83.8,272.0,2,16,Annual,Middle East,5,10.95,Yes,5.0,Yes
CUST_0414,384.19,170.8,266.5,3,17,Annual,North America,5,0.68,Yes,2.0,No
CUST_0415,88.25,132.4,885.6,3,19,Monthly,Asia Pacific,5,0.32,Yes,2.0,Yes
CUST_0416,354.66,61.6,428.6,2,8,Monthly,Asia Pacific,1,0.55,Yes,4.0,Yes
CUST_0417,285.28,214.0,540.8,1,38,Monthly,North America,7,5.5,No,1.0,Yes
CUST_0418,225.45,225.0,2629.3,2,38,Monthly,Asia Pacific,8,1.47,Yes,3.0,No
CUST_0419,190.43,132.4,57.4,1,53,Monthly,North America,3,0.91,Yes,4.0,No
CUST_0420,359.93,337.5,1048.7,2,31,Two-Year,Europe,3,4.13,No,5.0,No
CUST_0421,164.02,203.9,378.1,2,44,Monthly,Middle East,7,1.01,Yes,3.0,No
CUST_0422,567.01,135.9,288.1,1,60,Monthly,Europe,4,0.82,Yes,1.0,No
CUST_0423,421.83,80.6,257.7,2,17,Monthly,Europe,3,0.46,No,1.0,No
CUST_0424,372.84,231.1,484.0,1,39,Two-Year,North America,7,0.95,Yes,2.0,No
CUST_0425,553.78,260.1,289.8,1,42,Annual,Asia Pacific,8,0.76,Yes,4.0,No
CUST_0426,77.84,155.0,160.7,2,48,Annual,Europe,3,2.26,Yes,5.0,No
CUST_0427,129.05,217.5,264.7,4,12,Two-Year,Europe,5,0.68,Yes,3.0,No
CUST_0428,432.54,423.6,492.9,0,18,Monthly,Europe,6,1.72,Yes,1.0,Yes
CUST_0429,197.81,311.6,601.3,1,6,Annual,Asia Pacific,7,0.14,Yes,3.0,No
CUST_0430,214.5,49.3,1113.4,4,43,Monthly,Asia Pacific,2,0.42,No,5.0,No
CUST_0431,115.92,135.0,416.6,2,35,Monthly,North America,3,1.05,Yes,3.0,Yes
CUST_0432,164.33,188.2,844.0,1,54,Annual,Europe,3,5.53,Yes,4.0,No
CUST_0433,574.06,209.9,340.7,2,62,Annual,Middle East,1,0.95,No,2.0,No
CUST_0434,426.73,220.0,373.2,3,69,Monthly,Asia Pacific,4,2.18,Yes,3.0,No
CUST_0435,357.6,251.9,360.0,4,16,Monthly,North America,6,0.59,No,2.0,Yes
CUST_0436,219.93,191.5,449.7,3,8,Annual,Europe,8,0.27,Yes,5.0,No
CUST_0437,344.51,203.7,668.6,3,31,Monthly,Middle East,1,0.12,No,2.0,No
CUST_0438,602.18,319.6,281.3,3,10,Monthly,Asia Pacific,5,0.73,Yes,3.0,No
CUST_0439,201.04,233.4,198.7,2,56,Monthly,Middle East,2,0.34,Yes,3.0,Yes
CUST_0440,313.19,103.6,701.8,2,70,Monthly,Asia Pacific,4,0.38,Yes,1.0,Yes
CUST_0441,807.55,213.3,671.2,1,20,Annual,North America,1,2.86,Yes,,No
CUST_0442,479.69,188.4,924.8,1,5,Monthly,Middle East,7,0.03,No,2.0,Yes
CUST_0443,221.95,61.3,250.9,1,23,Monthly,Europe,3,1.63,Yes,1.0,No
CUST_0444,457.97,219.0,332.3,3,9,Annual,Europe,3,0.95,Yes,3.0,No
CUST_0445,100.39,111.6,718.1,3,58,Two-Year,Asia Pacific,4,1.41,No,3.0,No
CUST_0446,305.63,322.0,279.0,4,59,Monthly,Europe,3,1.65,Yes,5.0,No
CUST_0447,457.69,250.1,585.5,1,54,Monthly,Middle East,7,0.75,Yes,1.0,Yes
CUST_0448,400.43,100.3,341.7,1,46,Monthly,North America,1,0.7,Yes,5.0,No
CUST_0449,455.18,314.8,482.3,2,22,Annual,Asia Pacific,1,2.64,Yes,5.0,Yes
CUST_0450,512.81,386.7,158.1,1,64,Annual,Middle East,3,4.1,Yes,5.0,No
CUST_0451,418.68,176.5,413.0,2,8,Annual,Asia Pacific,3,0.43,No,4.0,No
CUST_0452,411.79,187.8,804.7,2,20,Two-Year,North America,5,0.21,Yes,5.0,No
CUST_0453,362.45,299.7,634.4,1,51,Annual,Asia Pacific,2,4.56,Yes,2.0,No
CUST_0454,151.47,372.6,188.7,4,39,Annual,Europe,8,0.86,No,3.0,No
CUST_0455,573.92,72.4,1060.3,1,37,Monthly,Europe,4,1.6,Yes,4.0,No
CUST_0456,312.31,107.2,774.9,1,50,Monthly,Asia Pacific,1,0.89,Yes,5.0,No
CUST_0457,472.99,161.4,164.2,1,34,Two-Year,North America,4,0.27,Yes,3.0,No
CUST_0458,541.33,170.9,266.0,4,33,Monthly,North America,5,1.78,Yes,1.0,Yes
CUST_0459,229.15,295.4,171.7,3,31,Monthly,Europe,1,1.49,Yes,1.0,Yes
CUST_0460,242.18,373.5,491.1,2,54,Annual,North America,5,0.45,Yes,3.0,No
CUST_0461,263.16,387.3,257.6,1,44,Monthly,Asia Pacific,5,1.2,Yes,2.0,No
CUST_0462,634.54,71.3,71.1,5,34,Annual,Middle East,6,3.19,No,3.0,No
CUST_0463,174.76,128.1,372.1,3,71,Annual,Asia Pacific,3,1.79,Yes,3.0,No
CUST_0464,695.54,97.6,684.7,4,62,Monthly,Europe,7,0.2,No,4.0,No
CUST_0465,360.08,145.5,418.7,3,23,Annual,Europe,6,1.59,Yes,1.0,Yes
CUST_0466,375.24,127.9,552.4,0,46,Monthly,Europe,8,2.43,Yes,1.0,No
CUST_0467,527.91,249.7,445.4,4,56,Monthly,North America,4,3.15,Yes,5.0,No
CUST_0468,336.4,264.8,618.0,1,7,Annual,Asia Pacific,7,1.98,No,3.0,No
CUST_0469,577.49,202.3,471.6,3,61,Annual,Middle East,4,0.33,Yes,3.0,No
CUST_0470,228.96,192.5,358.4,3,3,Annual,Asia Pacific,3,2.48,Yes,2.0,No
CUST_0471,683.24,165.2,415.3,1,38,Monthly,Middle East,7,2.26,No,1.0,Yes
CUST_0472,240.4,175.6,945.5,1,34,Annual,Asia Pacific,6,0.05,Yes,2.0,No
CUST_0473,697.65,421.2,572.3,4,44,Monthly,Europe,4,1.06,No,4.0,Yes
CUST_0474,244.52,284.3,188.2,0,30,Two-Year,Middle East,6,0.81,Yes,5.0,No
CUST_0475,267.9,168.5,410.9,3,17,Monthly,Asia Pacific,3,2.21,No,2.0,Yes
CUST_0476,160.81,190.6,485.4,3,59,Annual,North America,7,0.49,No,1.0,No
CUST_0477,191.89,252.6,350.3,1,10,Monthly,North America,7,1.79,Yes,4.0,No
CUST_0478,313.25,100.2,71.5,3,18,Monthly,Asia Pacific,1,4.89,Yes,3.0,No
CUST_0479,368.13,217.1,203.6,3,45,Monthly,Europe,5,3.2,Yes,4.0,No
CUST_0480,554.24,276.6,290.4,0,59,Two-Year,Middle East,5,5.09,No,2.0,No
CUST_0481,279.87,259.1,1134.4,2,62,Annual,Asia Pacific,6,7.68,Yes,,Yes
CUST_0482,146.56,129.6,533.5,1,59,Two-Year,North America,7,0.02,Yes,2.0,Yes
CUST_0483,400.94,143.1,106.9,0,49,Monthly,Middle East,4,1.95,Yes,3.0,No
CUST_0484,353.74,56.8,,2,63,Monthly,North America,6,1.06,Yes,3.0,No
CUST_0485,426.53,291.1,857.3,0,32,Monthly,North America,6,3.93,Yes,1.0,No
CUST_0486,210.59,508.5,254.9,3,10,Annual,Asia Pacific,2,0.58,Yes,5.0,No
CUST_0487,226.82,119.5,734.9,2,11,Monthly,North America,8,7.93,Yes,4.0,Yes
CUST_0488,210.64,341.3,110.1,5,70,Two-Year,Middle East,7,1.9,Yes,4.0,No
CUST_0489,614.12,486.2,18.0,1,62,Two-Year,Europe,5,3.16,Yes,3.0,No
CUST_0490,686.88,156.5,802.3,1,47,Two-Year,Asia Pacific,7,0.18,Yes,2.0,No
CUST_0491,220.68,190.7,279.7,3,34,Annual,Middle East,3,0.41,No,2.0,No
CUST_0492,223.53,229.6,295.9,0,17,Annual,Asia Pacific,6,2.84,No,5.0,No
CUST_0493,460.74,255.0,442.7,6,54,Annual,North America,2,0.04,Yes,2.0,No
CUST_0494,729.12,235.9,521.5,4,40,Monthly,North America,2,3.4,Yes,4.0,Yes
CUST_0495,816.69,163.2,32.4,1,19,Annual,Middle East,5,0.03,Yes,2.0,No
CUST_0496,214.31,274.5,240.3,1,67,Monthly,Middle East,5,2.14,Yes,5.0,No
CUST_0497,249.88,165.2,405.8,2,53,Monthly,Europe,5,0.91,Yes,4.0,No
CUST_0498,379.35,244.0,520.8,2,64,Monthly,Middle East,3,1.89,Yes,2.0,No
CUST_0499,390.12,198.6,186.5,1,47,Monthly,Middle East,2,2.38,Yes,4.0,No
CUST_0500,286.56,66.6,337.8,2,6,Monthly,Asia Pacific,4,0.84,No,3.0,No
CUST_0501,,365.9,254.3,2,16,Monthly,North America,3,0.23,Yes,3.0,No
CUST_0502,313.55,145.2,452.5,3,72,Annual,Middle East,1,0.14,Yes,3.0,No
CUST_0503,816.21,383.8,784.8,3,18,Monthly,Europe,8,1.78,Yes,2.0,No
CUST_0504,228.91,334.6,307.5,1,52,Annual,Middle East,8,1.47,No,5.0,No
CUST_0505,365.89,226.1,127.8,3,48,Monthly,North America,6,2.71,Yes,4.0,No
CUST_0506,1114.51,261.7,230.6,1,43,Annual,Middle East,8,1.43,Yes,1.0,No
CUST_0507,226.84,277.5,1053.9,2,39,Annual,Asia Pacific,5,1.1,Yes,3.0,No
CUST_0508,473.08,181.6,,4,49,Annual,North America,2,1.02,Yes,3.0,No
CUST_0509,835.43,186.2,150.3,1,12,Annual,Middle East,8,0.05,Yes,1.0,No
CUST_0510,450.26,270.9,294.3,0,10,Monthly,Asia Pacific,6,0.82,Yes,1.0,Yes
CUST_0511,590.14,199.7,365.8,1,71,Annual,North America,8,7.46,Yes,2.0,No
CUST_0512,509.21,163.5,265.9,2,55,Monthly,Middle East,7,4.14,Yes,4.0,No
CUST_0513,430.05,130.7,110.6,1,1,Monthly,Asia Pacific,3,0.8,Yes,3.0,Yes
CUST_0514,674.45,247.6,481.6,1,49,Annual,Europe,1,1.77,No,5.0,No
CUST_0515,464.7,142.6,452.8,3,36,Monthly,Asia Pacific,7,3.76,Yes,2.0,Yes
CUST_0516,288.36,306.8,603.8,4,21,Annual,Europe,3,1.16,No,2.0,No
CUST_0517,349.62,319.6,446.1,1,37,Annual,Middle East,3,0.04,Yes,5.0,No
CUST_0518,397.82,260.7,1001.8,5,24,Monthly,Asia Pacific,4,0.15,Yes,5.0,No
CUST_0519,248.94,288.1,633.5,5,55,Monthly,Europe,8,1.43,Yes,5.0,No
CUST_0520,358.93,261.1,555.6,1,25,Monthly,North America,6,6.98,Yes,1.0,Yes
CUST_0521,329.19,298.3,802.4,4,7,Two-Year,Asia Pacific,4,2.36,No,3.0,No
CUST_0522,463.89,292.0,,2,71,Annual,Middle East,3,0.15,No,1.0,No
CUST_0523,958.65,241.0,342.8,4,71,Monthly,North America,8,0.42,Yes,3.0,No
CUST_0524,371.4,336.7,,1,24,Monthly,Europe,1,2.95,Yes,1.0,No
CUST_0525,739.33,185.0,67.8,4,11,Annual,Asia Pacific,2,3.68,Yes,4.0,No
CUST_0526,454.52,132.9,429.3,1,12,Annual,Asia Pacific,2,1.92,Yes,3.0,No
CUST_0527,357.98,129.2,365.5,2,35,Monthly,Middle East,8,2.07,Yes,2.0,No
CUST_0528,240.25,170.9,512.1,3,63,Monthly,North America,7,0.06,Yes,3.0,Yes
CUST_0529,359.56,60.8,736.2,1,68,Two-Year,Asia Pacific,6,3.53,No,3.0,No
CUST_0530,346.77,225.0,565.9,0,57,Monthly,Asia Pacific,5,3.1,Yes,3.0,No
CUST_0531,201.48,279.4,231.1,4,13,Monthly,North America,5,0.6,No,4.0,Yes
CUST_0532,222.49,317.4,663.4,4,23,Two-Year,Asia Pacific,2,2.47,No,1.0,Yes
CUST_0533,399.76,75.3,1010.6,1,39,Annual,North America,3,0.48,No,2.0,No
CUST_0534,735.26,131.5,748.0,3,12,Monthly,North America,3,0.08,Yes,1.0,Yes
CUST_0535,307.29,302.2,137.9,0,34,Monthly,North America,4,0.45,Yes,1.0,No
CUST_0536,111.85,181.9,562.2,2,71,Monthly,Middle East,8,0.39,Yes,5.0,No
CUST_0537,53.58,276.3,156.1,0,31,Monthly,North America,6,0.82,Yes,4.0,No
CUST_0538,158.7,97.3,319.7,3,62,Two-Year,North America,8,1.08,Yes,5.0,No
CUST_0539,479.85,381.6,502.4,3,13,Monthly,Europe,8,1.42,No,4.0,Yes
CUST_0540,128.97,92.8,460.5,0,31,Annual,Europe,4,1.3,No,1.0,No
CUST_0541,523.22,21.5,,0,2,Two-Year,Middle East,5,0.63,No,1.0,Yes
CUST_0542,465.07,221.7,1013.6,1,15,Monthly,North America,8,0.06,No,4.0,Yes
CUST_0543,300.96,224.6,535.2,5,57,Monthly,Europe,2,1.86,Yes,1.0,No
CUST_0544,202.66,154.2,302.6,1,34,Annual,Europe,7,1.01,Yes,1.0,No
CUST_0545,275.02,256.1,71.3,1,68,Two-Year,Asia Pacific,8,0.71,Yes,2.0,No
CUST_0546,394.06,259.7,853.9,3,29,Annual,North America,3,4.03,Yes,5.0,Yes
CUST_0547,132.07,245.9,366.8,5,66,Monthly,Europe,8,2.75,No,5.0,No
CUST_0548,694.49,152.7,380.1,3,16,Annual,Middle East,2,3.9,Yes,5.0,No
CUST_0549,391.97,137.0,401.1,0,39,Annual,Asia Pacific,1,1.37,Yes,3.0,No
CUST_0550,418.11,161.6,519.5,0,37,Two-Year,Asia Pacific,2,0.28,Yes,2.0,No
CUST_0551,463.19,126.9,529.4,2,21,Monthly,North America,1,2.38,Yes,,No
CUST_0552,657.52,344.3,323.3,3,44,Annual,North America,4,0.46,Yes,5.0,No
CUST_0553,360.08,169.1,364.3,5,19,Two-Year,Asia Pacific,4,1.16,No,2.0,Yes
CUST_0554,480.01,218.5,251.1,0,71,Monthly,Middle East,5,0.13,Yes,1.0,No
CUST_0555,204.91,301.6,231.0,0,8,Monthly,North America,2,3.49,Yes,5.0,Yes
CUST_0556,818.54,123.4,230.1,3,66,Monthly,North America,2,0.27,Yes,1.0,Yes
CUST_0557,345.77,90.5,361.4,3,41,Monthly,Asia Pacific,1,4.67,Yes,5.0,No
CUST_0558,204.24,127.1,197.4,3,70,Monthly,Asia Pacific,4,3.99,Yes,4.0,No
CUST_0559,240.29,230.6,15.6,3,61,Two-Year,North America,1,1.25,No,3.0,No
CUST_0560,74.18,222.7,298.9,3,26,Monthly,Europe,4,2.73,Yes,5.0,No
CUST_0561,239.3,245.6,145.4,1,71,Monthly,North America,1,1.93,Yes,4.0,Yes
CUST_0562,41.27,191.0,419.7,3,70,Annual,Europe,4,3.25,Yes,2.0,No
CUST_0563,500.0,38.4,250.4,4,29,Monthly,Asia Pacific,1,1.13,Yes,4.0,Yes
CUST_0564,410.82,187.9,523.7,3,66,Monthly,Europe,7,3.08,Yes,2.0,No
CUST_0565,165.45,321.4,157.1,2,19,Annual,Middle East,4,1.24,Yes,5.0,No
CUST_0566,310.74,361.9,85.6,3,68,Two-Year,Asia Pacific,6,5.66,Yes,2.0,No
CUST_0567,319.29,211.1,365.0,1,58,Annual,North America,1,1.33,No,4.0,No
CUST_0568,142.45,223.2,289.8,1,70,Annual,North America,2,1.24,Yes,3.0,No
CUST_0569,278.62,273.7,134.8,3,57,Monthly,Asia Pacific,5,3.07,Yes,1.0,No
CUST_0570,325.3,356.9,633.9,1,37,Two-Year,Asia Pacific,6,3.45,Yes,1.0,Yes
CUST_0571,273.97,201.7,180.2,4,61,Monthly,Middle East,6,1.62,Yes,3.0,No
CUST_0572,204.1,271.8,222.7,3,30,Annual,Asia Pacific,1,0.4,No,1.0,No
CUST_0573,161.12,149.1,709.7,0,71,Monthly,North America,5,1.26,No,5.0,No
CUST_0574,268.02,98.5,543.2,2,25,Two-Year,Middle East,2,6.89,Yes,5.0,No
CUST_0575,220.61,157.6,164.6,3,65,Annual,North America,6,2.8,No,4.0,No
CUST_0576,445.83,396.6,308.8,2,6,Annual,Europe,2,3.33,No,4.0,No
CUST_0577,680.0,274.5,151.1,1,18,Monthly,Asia Pacific,4,0.07,No,2.0,Yes
CUST_0578,537.54,103.9,677.9,4,10,Monthly,Europe,8,1.26,Yes,4.0,No
CUST_0579,331.83,280.8,677.7,1,11,Annual,North America,7,2.08,Yes,5.0,No
CUST_0580,209.23,108.5,1103.4,1,65,Annual,Europe,8,3.54,Yes,4.0,No
CUST_0581,529.43,244.0,1360.7,0,65,Monthly,Europe,8,0.1,No,1.0,No
CUST_0582,461.3,120.8,248.2,3,52,Two-Year,North America,5,3.83,Yes,2.0,No
CUST_0583,653.8,100.5,611.0,0,67,Two-Year,North America,7,1.59,Yes,2.0,No
CUST_0584,360.3,428.9,73.6,2,31,Monthly,Asia Pacific,3,0.44,Yes,5.0,No
CUST_0585,794.96,169.0,441.1,2,17,Annual,Europe,4,0.76,Yes,4.0,No
CUST_0586,360.37,272.1,513.9,0,55,Annual,Middle East,5,0.66,Yes,1.0,No
CUST_0587,208.57,206.0,188.2,2,36,Monthly,Middle East,1,1.51,No,4.0,Yes
CUST_0588,234.24,113.5,236.7,4,26,Monthly,North America,7,0.11,Yes,3.0,No
CUST_0589,433.78,178.5,680.5,4,53,Annual,North America,1,0.35,No,4.0,No
CUST_0590,220.23,114.0,,4,17,Annual,Europe,2,3.35,Yes,5.0,No
CUST_0591,791.94,577.4,1019.5,3,25,Monthly,North America,8,0.28,Yes,4.0,No
CUST_0592,413.34,296.1,948.8,1,2,Annual,Middle East,6,0.53,Yes,2.0,No
CUST_0593,327.51,204.0,95.1,2,5,Annual,Asia Pacific,7,1.21,Yes,1.0,No
CUST_0594,344.1,264.9,266.9,1,4,Annual,Asia Pacific,3,1.46,Yes,5.0,No
CUST_0595,272.17,286.8,172.7,1,36,Monthly,Europe,1,2.88,Yes,3.0,No
CUST_0596,91.75,287.2,627.1,4,6,Two-Year,Asia Pacific,5,1.19,Yes,1.0,No
CUST_0597,234.35,281.2,470.1,3,21,Monthly,North America,7,3.12,No,1.0,No
CUST_0598,738.15,270.6,182.4,4,26,Monthly,North America,7,1.93,Yes,2.0,No
CUST_0599,366.03,212.6,205.9,2,55,Monthly,North America,6,0.24,Yes,2.0,No
CUST_0600,572.17,412.7,823.6,1,39,Monthly,North America,6,0.34,Yes,2.0,No
